{
    "loss": 0.6931483745574951,
    "accuracy": 0.5179855823516846
}