{
    "loss": 0.6931476593017578,
    "accuracy": 0.5179855823516846
}