{
    "loss": 0.6933227777481079,
    "accuracy": 0.5179855823516846
}