{
    "loss": 0.672893762588501,
    "accuracy": 0.5035971403121948
}