{
    "loss": 0.6931712627410889,
    "accuracy": 0.5179855823516846
}